{
  "state": {
    "isStdErrTTY": true,
    "testRunDurationMs": 183081.212,
    "isStdOutTTY": true
  },
  "metrics": {
    "iterations": {
      "type": "counter",
      "contains": "default",
      "values": {
        "rate": 163.65961134231515,
        "count": 29963
      }
    },
    "vus": {
      "type": "gauge",
      "contains": "default",
      "values": {
        "value": 19,
        "min": 19,
        "max": 500
      }
    },
    "user_search_duration": {
      "values": {
        "p(90)": 3433.7574,
        "p(95)": 3591.5742999999993,
        "p(99)": 4170.8966199999995,
        "avg": 3081.1349983348587,
        "min": 170.245,
        "med": 3076.937,
        "max": 6171.249
      },
      "thresholds": {
        "p(95)<500": {
          "ok": false
        }
      },
      "type": "trend",
      "contains": "time"
    },
    "data_received": {
      "contains": "data",
      "values": {
        "count": 1360934037,
        "rate": 7433499.167571602
      },
      "type": "counter"
    },
    "iteration_duration": {
      "type": "trend",
      "contains": "time",
      "values": {
        "min": 4.242458,
        "med": 3022.338083,
        "max": 6171.538292,
        "p(90)": 3381.2814246,
        "p(95)": 3537.0558419999998,
        "p(99)": 4155.80753346,
        "avg": 3028.068393846867
      }
    },
    "http_req_sending": {
      "type": "trend",
      "contains": "time",
      "values": {
        "avg": 0.015948436404898358,
        "min": 0.002,
        "med": 0.014,
        "max": 1.785,
        "p(90)": 0.019,
        "p(95)": 0.024,
        "p(99)": 0.046
      }
    },
    "vus_max": {
      "values": {
        "value": 500,
        "min": 500,
        "max": 500
      },
      "type": "gauge",
      "contains": "default"
    },
    "http_req_connecting": {
      "type": "trend",
      "contains": "time",
      "values": {
        "max": 114.725,
        "p(90)": 0,
        "p(95)": 0,
        "p(99)": 7.1780399999999975,
        "avg": 0.6981497847345064,
        "min": 0,
        "med": 0
      }
    },
    "http_reqs": {
      "type": "counter",
      "contains": "default",
      "values": {
        "count": 29963,
        "rate": 163.65961134231515
      }
    },
    "http_req_duration{expected_response:true}": {
      "type": "trend",
      "contains": "time",
      "values": {
        "med": 3022.016,
        "max": 6171.249,
        "p(90)": 3381.032,
        "p(95)": 3536.905,
        "p(99)": 4155.6488,
        "avg": 3027.102352024315,
        "min": 4.134
      }
    },
    "http_req_receiving": {
      "contains": "time",
      "values": {
        "p(99)": 3.091,
        "avg": 0.42525214431132025,
        "min": 0.008,
        "med": 0.205,
        "max": 32.911,
        "p(90)": 0.868,
        "p(95)": 1.447
      },
      "type": "trend"
    },
    "checks": {
      "type": "rate",
      "contains": "default",
      "values": {
        "passes": 59924,
        "fails": 2,
        "rate": 0.9999666255047892
      },
      "thresholds": {
        "rate>0.99": {
          "ok": true
        }
      }
    },
    "http_req_blocked": {
      "type": "trend",
      "contains": "time",
      "values": {
        "avg": 0.7034418115683303,
        "min": 0,
        "med": 0.004,
        "max": 114.74,
        "p(90)": 0.005,
        "p(95)": 0.006,
        "p(99)": 7.190799999999998
      }
    },
    "http_req_tls_handshaking": {
      "type": "trend",
      "contains": "time",
      "values": {
        "p(99)": 0,
        "avg": 0,
        "min": 0,
        "med": 0,
        "max": 0,
        "p(90)": 0,
        "p(95)": 0
      }
    },
    "http_req_duration": {
      "type": "trend",
      "contains": "time",
      "values": {
        "avg": 3027.107067683494,
        "min": 4.134,
        "med": 3022.016,
        "max": 6171.249,
        "p(90)": 3381.0264,
        "p(95)": 3536.8961,
        "p(99)": 4155.64276
      }
    },
    "data_sent": {
      "values": {
        "count": 3939865,
        "rate": 21519.766867175862
      },
      "type": "counter",
      "contains": "data"
    },
    "http_req_failed": {
      "thresholds": {
        "rate<0.01": {
          "ok": true
        }
      },
      "type": "rate",
      "contains": "default",
      "values": {
        "rate": 0.00006674899042151987,
        "passes": 2,
        "fails": 29961
      }
    },
    "user_get_duration": {
      "type": "trend",
      "contains": "time",
      "values": {
        "med": 2965.009,
        "max": 5404.818,
        "p(90)": 3312.9748,
        "p(95)": 3470.3373999999994,
        "p(99)": 4143.38548,
        "avg": 2972.844217272065,
        "min": 4.134
      },
      "thresholds": {
        "p(95)<500": {
          "ok": false
        }
      }
    },
    "http_req_waiting": {
      "type": "trend",
      "contains": "time",
      "values": {
        "med": 3021.622,
        "max": 6167.757,
        "p(90)": 3380.5164,
        "p(95)": 3536.3506,
        "p(99)": 4155.12616,
        "avg": 3026.6658671027694,
        "min": 4.09
      }
    }
  },
  "root_group": {
    "checks": [
      {
        "name": "user get status is 200",
        "path": "::user get status is 200",
        "id": "9eabf4803ff0051d1e11cf1a7ff4906d",
        "passes": 14947,
        "fails": 2
      },
      {
        "name": "user get content type is json",
        "path": "::user get content type is json",
        "id": "eabc4c8459448627a28a1e5572bce745",
        "passes": 14949,
        "fails": 0
      },
      {
        "passes": 15014,
        "fails": 0,
        "name": "user search status is 200",
        "path": "::user search status is 200",
        "id": "0a52847e60d7c27287fd7670baf5bdcc"
      },
      {
        "id": "d9d79b2fcb79d975df3e83292d790be6",
        "passes": 15014,
        "fails": 0,
        "name": "user search content type is json",
        "path": "::user search content type is json"
      }
    ],
    "name": "",
    "path": "",
    "id": "d41d8cd98f00b204e9800998ecf8427e",
    "groups": []
  },
  "options": {
    "summaryTrendStats": [
      "avg",
      "min",
      "med",
      "max",
      "p(90)",
      "p(95)",
      "p(99)"
    ],
    "summaryTimeUnit": "",
    "noColor": false
  }
}