{
  "metrics": {
    "http_reqs": {
      "values": {
        "rate": 67.1198016759237,
        "count": 2022
      },
      "type": "counter",
      "contains": "default"
    },
    "http_req_failed": {
      "type": "rate",
      "contains": "default",
      "values": {
        "rate": 0,
        "passes": 0,
        "fails": 2022
      },
      "thresholds": {
        "rate<0.01": {
          "ok": true
        }
      }
    },
    "http_req_receiving": {
      "type": "trend",
      "contains": "time",
      "values": {
        "p(99)": 2.9103199999999996,
        "avg": 0.5530806132542039,
        "min": 0.031,
        "med": 0.351,
        "max": 12.656,
        "p(90)": 1.3548,
        "p(95)": 1.4787499999999996
      }
    },
    "iteration_duration": {
      "type": "trend",
      "contains": "time",
      "values": {
        "p(99)": 396.17638810999995,
        "avg": 148.71755761473773,
        "min": 52.801917,
        "med": 102.2140205,
        "max": 611.425875,
        "p(90)": 283.5531413,
        "p(95)": 311.49296039999984
      }
    },
    "http_req_sending": {
      "type": "trend",
      "contains": "time",
      "values": {
        "avg": 0.012309594460929768,
        "min": 0.003,
        "med": 0.01,
        "max": 0.171,
        "p(90)": 0.017,
        "p(95)": 0.02,
        "p(99)": 0.039
      }
    },
    "http_req_duration{expected_response:true}": {
      "contains": "time",
      "values": {
        "med": 102.098,
        "max": 611.287,
        "p(90)": 283.2945,
        "p(95)": 311.3306499999999,
        "p(99)": 396.09362999999996,
        "avg": 148.57764787339258,
        "min": 52.729
      },
      "type": "trend"
    },
    "http_req_blocked": {
      "type": "trend",
      "contains": "time",
      "values": {
        "p(90)": 0.005,
        "p(95)": 0.005,
        "p(99)": 0.1904299999999997,
        "avg": 0.011051928783382854,
        "min": 0,
        "med": 0.003,
        "max": 1.26
      }
    },
    "http_req_tls_handshaking": {
      "type": "trend",
      "contains": "time",
      "values": {
        "med": 0,
        "max": 0,
        "p(90)": 0,
        "p(95)": 0,
        "p(99)": 0,
        "avg": 0,
        "min": 0
      }
    },
    "iterations": {
      "type": "counter",
      "contains": "default",
      "values": {
        "rate": 67.1198016759237,
        "count": 2022
      }
    },
    "vus": {
      "type": "gauge",
      "contains": "default",
      "values": {
        "value": 10,
        "min": 10,
        "max": 10
      }
    },
    "http_req_duration": {
      "type": "trend",
      "contains": "time",
      "values": {
        "med": 102.098,
        "max": 611.287,
        "p(90)": 283.2945,
        "p(95)": 311.3306499999999,
        "p(99)": 396.09362999999996,
        "avg": 148.57764787339258,
        "min": 52.729
      },
      "thresholds": {
        "p(95)<500": {
          "ok": true
        }
      }
    },
    "data_received": {
      "type": "counter",
      "contains": "data",
      "values": {
        "count": 182058197,
        "rate": 6043377.881363128
      }
    },
    "http_req_connecting": {
      "values": {
        "med": 0,
        "max": 0.556,
        "p(90)": 0,
        "p(95)": 0,
        "p(99)": 0.13836999999999997,
        "avg": 0.003475766567754698,
        "min": 0
      },
      "type": "trend",
      "contains": "time"
    },
    "http_req_waiting": {
      "type": "trend",
      "contains": "time",
      "values": {
        "p(99)": 395.77986999999996,
        "avg": 148.01225766567768,
        "min": 52.43,
        "med": 101.22550000000001,
        "max": 611.051,
        "p(90)": 282.71840000000003,
        "p(95)": 310.92679999999984
      }
    },
    "data_sent": {
      "values": {
        "count": 307344,
        "rate": 10202.2098547404
      },
      "type": "counter",
      "contains": "data"
    },
    "vus_max": {
      "values": {
        "max": 10,
        "value": 10,
        "min": 10
      },
      "type": "gauge",
      "contains": "default"
    },
    "checks": {
      "contains": "default",
      "values": {
        "rate": 1,
        "passes": 4044,
        "fails": 0
      },
      "thresholds": {
        "rate>0.99": {
          "ok": true
        }
      },
      "type": "rate"
    }
  },
  "root_group": {
    "checks": [
      {
        "passes": 2022,
        "fails": 0,
        "name": "status is 200",
        "path": "::status is 200",
        "id": "6210a8cd14cd70477eba5c5e4cb3fb5f"
      },
      {
        "id": "f90b8047ee5fc2ed588d4a765f4f0a2b",
        "passes": 2022,
        "fails": 0,
        "name": "content type is json",
        "path": "::content type is json"
      }
    ],
    "name": "",
    "path": "",
    "id": "d41d8cd98f00b204e9800998ecf8427e",
    "groups": []
  },
  "options": {
    "summaryTrendStats": [
      "avg",
      "min",
      "med",
      "max",
      "p(90)",
      "p(95)",
      "p(99)"
    ],
    "summaryTimeUnit": "",
    "noColor": false
  },
  "state": {
    "isStdOutTTY": true,
    "isStdErrTTY": true,
    "testRunDurationMs": 30125.238
  }
}